condition,choice,observed,effort_based,rank_based
A_target,A,0.4697508896797153,0.4281928606665187,0.9999999542799821
A_target,B,0.15658362989323843,0.1693494286988563,3.3228972101719004e-28
A_target,C,0.3736654804270463,0.40245771063462477,4.5720017330401795e-08
C_target,A,0.47942754919499103,0.40176970660306616,8.648068991407211e-06
C_target,B,0.13237924865831843,0.17040537235508085,5.685550484456255e-28
C_target,C,0.3881932021466905,0.42782492104185205,0.999991351931009
